<wpml-config>
    <custom-fields>
        <custom-field action="translate">above-sidebar</custom-field>
        <custom-field action="translate">below-sidebar</custom-field>
        <custom-field action="translate">content-with-sidebar</custom-field>
        <custom-field action="translate">post-option</custom-field>
    </custom-fields>
    <custom-types>
        <custom-type translate="1">portfolio</custom-type>
    </custom-types>
    <taxonomies>
        <taxonomy translate="1">portfolio_tag</taxonomy>
        <taxonomy translate="1">portfolio_category</taxonomy>
        <taxonomy translate="1">page_category</taxonomy>
    </taxonomies>
    <admin-texts>
        <key name="tlxr_admin_option">
            <key name="post-title" />
            <key name="post-caption" />
            <key name="top-bar-left-text" />
            <key name="copyright-left-text" />
            <key name="copyright-right-text" />
        </key>
    </admin-texts>
</wpml-config>
